hilly university,Financial Aid Bill,Stairs,flu
a mall,American Hawk,Mall Cop,Ball Plaurt
a winter wonderland,Snowman Eater,Vanilla Ice,Yeti
a volcano,Lava Girl,Red Hot Chili Peppers,Jraxis
the sky,Attack Helicopter,Bla-cout (Heli),U.C. Heliopter
the Flintstone's Cave,Wilma,Dragon,Bed Rock
under the Sea,SquarPantis,David Hasselhoff,Mr.what zit tooya
forest,Small Woodland Creature,Smokey the Bear,Tree Ants
the desert,Da rude Sandstorm,Cactuses,Danger Noodle
a haunted house,Ghost of Matias,Shaved Barbie Dolls,Headless Horseman
